name,code,industry,intro,logo,source,国际知名度评分,国际影响力评分,知名度排名,影响力排名,排名说明
台积电,2330,半导体制造,全球领先晶圆代工企业，提供先进制程与特殊制程服务。,logo-086.png,图中公司,10.0,10.0,1,1,主观综合排序：依据海外品牌认知、媒体可见度、消费端辨识度、产业链地位、市场规模和技术/供应链影响力。
华硕,2357,电脑与消费电子,电脑、主机板、笔电、电竞与消费电子品牌。,logo-020.png,图中公司,9.6,8.4,2,9,主观综合排序：依据海外品牌认知、媒体可见度、消费端辨识度、产业链地位、市场规模和技术/供应链影响力。
鸿海精密,2317,电子制造服务,全球大型电子制造服务企业，业务涵盖消费电子、云端网络与电动车。又常以富士康/Foxconn 名称被全球熟知。,,图中公司,9.5,9.8,3,2,主观综合排序：依据海外品牌认知、媒体可见度、消费端辨识度、产业链地位、市场规模和技术/供应链影响力。
宏碁,2353,电脑品牌,电脑、显示器与消费电子品牌。,logo-064.png,图中公司,9.2,7.3,4,32,主观综合排序：依据海外品牌认知、媒体可见度、消费端辨识度、产业链地位、市场规模和技术/供应链影响力。
佳明,GRMN,GPS/穿戴设备,Garmin，全球知名 GPS 导航、运动穿戴与户外设备品牌。,logo-099.png,logo墙新增,9.2,7.2,5,36,主观综合排序：依据海外品牌认知、媒体可见度、消费端辨识度、产业链地位、市场规模和技术/供应链影响力。
联发科,2454,IC设计,台湾主要IC设计公司，产品涵盖手机、电视、网络与物联网芯片。,logo-088.png,图中公司,9.0,9.3,6,3,主观综合排序：依据海外品牌认知、媒体可见度、消费端辨识度、产业链地位、市场规模和技术/供应链影响力。
微星科技,2377,电脑与电竞硬体,主机板、显卡、笔电与电竞硬体品牌。,,图中公司,8.8,7.6,7,25,主观综合排序：依据海外品牌认知、媒体可见度、消费端辨识度、产业链地位、市场规模和技术/供应链影响力。
巨大机械,9921,自行车,Giant自行车品牌与制造商。旗下捷安特 Giant 是全球知名自行车品牌。,,新增台湾企业,8.8,7.0,8,42,主观综合排序：依据海外品牌认知、媒体可见度、消费端辨识度、产业链地位、市场规模和技术/供应链影响力。
宏达电,2498,消费电子/VR,智慧手机、虚拟实境与沉浸式科技品牌。,logo-067.png,图中公司,8.5,6.7,9,68,主观综合排序：依据海外品牌认知、媒体可见度、消费端辨识度、产业链地位、市场规模和技术/供应链影响力。
技嘉科技,2376,电脑硬体,主机板、显卡、服务器与电竞产品品牌。旗下 GIGABYTE 品牌在主板、显卡与电竞硬件领域具备国际知名度。,,新增台湾企业,8.5,7.4,10,29,主观综合排序：依据海外品牌认知、媒体可见度、消费端辨识度、产业链地位、市场规模和技术/供应链影响力。
长荣海运,2603,航运,全球货柜航运公司，经营国际海运航线。,logo-019.png,图中公司,8.4,8.6,11,8,主观综合排序：依据海外品牌认知、媒体可见度、消费端辨识度、产业链地位、市场规模和技术/供应链影响力。
康师傅,0322.HK,食品饮料,食品饮料集团，产品涵盖方便面、饮料与糕饼。,logo-097.png,图中公司,8.3,6.6,12,73,主观综合排序：依据海外品牌认知、媒体可见度、消费端辨识度、产业链地位、市场规模和技术/供应链影响力。
美利达,9914,自行车,自行车品牌与制造商。,logo-077.png,图中公司,8.2,6.7,13,69,主观综合排序：依据海外品牌认知、媒体可见度、消费端辨识度、产业链地位、市场规模和技术/供应链影响力。
旺旺,0151.HK,食品饮料,食品饮料集团，产品涵盖米果、乳饮与休闲食品。,logo-096.png,图中公司,8.1,6.0,14,84,主观综合排序：依据海外品牌认知、媒体可见度、消费端辨识度、产业链地位、市场规模和技术/供应链影响力。
正新橡胶,2105,轮胎,轮胎品牌与制造商。旗下正新轮胎/Maxxis 是国际轮胎品牌。,,新增台湾企业,7.8,7.1,15,39,主观综合排序：依据海外品牌认知、媒体可见度、消费端辨识度、产业链地位、市场规模和技术/供应链影响力。
长荣航空,2618,航空运输,台湾国际航空公司，提供客运与货运服务。,logo-049.png,图中公司,7.7,6.7,16,64,主观综合排序：依据海外品牌认知、媒体可见度、消费端辨识度、产业链地位、市场规模和技术/供应链影响力。
中华航空,2610,航空运输,台湾航空公司，经营国际客货运航线。,logo-057.png,图中公司,7.5,6.5,17,78,主观综合排序：依据海外品牌认知、媒体可见度、消费端辨识度、产业链地位、市场规模和技术/供应链影响力。
台达电子,2308,电源与自动化,电源管理、散热、工业自动化与基础设施解决方案供应商。,,图中公司,7.4,8.9,18,5,主观综合排序：依据海外品牌认知、媒体可见度、消费端辨识度、产业链地位、市场规模和技术/供应链影响力。
统一企业,1216,食品饮料,食品饮料与通路事业集团。,logo-013.png,图中公司,7.3,6.2,19,80,主观综合排序：依据海外品牌认知、媒体可见度、消费端辨识度、产业链地位、市场规模和技术/供应链影响力。
威克多,未上市,体育用品,VICTOR，台湾羽毛球运动用品品牌，产品包括球拍、球鞋、服装与专业装备。,logo-105.png,logo墙新增,7.3,5.3,20,108,主观综合排序：依据海外品牌认知、媒体可见度、消费端辨识度、产业链地位、市场规模和技术/供应链影响力。
研华,2395,工业电脑,工业电脑、嵌入式系统与物联网解决方案供应商。,logo-024.png,图中公司,7.0,7.7,21,22,主观综合排序：依据海外品牌认知、媒体可见度、消费端辨识度、产业链地位、市场规模和技术/供应链影响力。
联华电子,2303,半导体制造,台湾晶圆代工企业，专注成熟制程与特殊制程。,logo-093.png,图中公司,6.9,8.8,22,6,主观综合排序：依据海外品牌认知、媒体可见度、消费端辨识度、产业链地位、市场规模和技术/供应链影响力。
大润发,未上市,零售/量贩超市,RT-MART，大型连锁量贩零售品牌，经营超市与综合零售通路。,logo-101.png,logo墙新增,6.9,5.1,23,126,主观综合排序：依据海外品牌认知、媒体可见度、消费端辨识度、产业链地位、市场规模和技术/供应链影响力。
日月光投控,3711,半导体封测,全球主要半导体封装测试服务供应商。,logo-090.png,图中公司,6.8,9.1,24,4,主观综合排序：依据海外品牌认知、媒体可见度、消费端辨识度、产业链地位、市场规模和技术/供应链影响力。
华擎科技,3515,电脑硬体,主机板、迷你电脑与服务器产品公司。,,新增台湾企业,6.8,6.2,25,81,主观综合排序：依据海外品牌认知、媒体可见度、消费端辨识度、产业链地位、市场规模和技术/供应链影响力。
精英电脑,2331,电脑硬体,主机板、电脑与电子产品制造商。,,新增台湾企业,6.8,6.2,26,82,主观综合排序：依据海外品牌认知、媒体可见度、消费端辨识度、产业链地位、市场规模和技术/供应链影响力。
威刚科技,3260,记忆体模组,DRAM、SSD与储存产品品牌。,,新增台湾企业,6.8,5.8,27,97,主观综合排序：依据海外品牌认知、媒体可见度、消费端辨识度、产业链地位、市场规模和技术/供应链影响力。
阳明海运,2609,航运,台湾货柜航运公司，经营国际航线。,logo-047.png,图中公司,6.7,7.6,28,24,主观综合排序：依据海外品牌认知、媒体可见度、消费端辨识度、产业链地位、市场规模和技术/供应链影响力。
创见资讯,2451,记忆体模组,记忆体模组、SSD与储存产品品牌。,,新增台湾企业,6.7,5.7,29,101,主观综合排序：依据海外品牌认知、媒体可见度、消费端辨识度、产业链地位、市场规模和技术/供应链影响力。
广达电脑,2382,电子代工/服务器,笔电、服务器与云端硬体设计制造服务企业。,logo-085.png,图中公司,6.6,8.7,30,7,主观综合排序：依据海外品牌认知、媒体可见度、消费端辨识度、产业链地位、市场规模和技术/供应链影响力。
台塑,1301,塑化材料,塑胶原料与石化产品制造商。,logo-033.png,图中公司,6.6,6.9,31,45,主观综合排序：依据海外品牌认知、媒体可见度、消费端辨识度、产业链地位、市场规模和技术/供应链影响力。
桂盟国际,5306,自行车零组件,自行车链条与传动零组件供应商。,,新增台湾企业,6.6,5.9,32,90,主观综合排序：依据海外品牌认知、媒体可见度、消费端辨识度、产业链地位、市场规模和技术/供应链影响力。
统一超商,2912,零售通路,7-ELEVEN台湾经营者，便利商店与零售服务企业。,,新增台湾企业,6.5,5.5,33,104,主观综合排序：依据海外品牌认知、媒体可见度、消费端辨识度、产业链地位、市场规模和技术/供应链影响力。
纬创,3231,电子代工,资讯产品与服务器等电子制造服务企业。,logo-017.png,图中公司,6.4,8.2,34,10,主观综合排序：依据海外品牌认知、媒体可见度、消费端辨识度、产业链地位、市场规模和技术/供应链影响力。
全家便利商店,5903,零售通路,FamilyMart台湾经营者，便利商店连锁企业。,,新增台湾企业,6.4,5.1,35,125,主观综合排序：依据海外品牌认知、媒体可见度、消费端辨识度、产业链地位、市场规模和技术/供应链影响力。
瑞昱半导体,2379,IC设计,网络通信、多媒体与电脑周边芯片设计公司。,logo-031.png,图中公司,6.3,7.5,36,28,主观综合排序：依据海外品牌认知、媒体可见度、消费端辨识度、产业链地位、市场规模和技术/供应链影响力。
玩美移动,PERF,美妆科技/AI影像,提供AI美妆、影像与AR虚拟试用技术。,logo-070.png,图中公司,6.3,5.9,37,89,主观综合排序：依据海外品牌认知、媒体可见度、消费端辨识度、产业链地位、市场规模和技术/供应链影响力。
友达光电,2409,面板,显示面板与相关显示技术企业。,,新增台湾企业,6.3,6.7,38,70,主观综合排序：依据海外品牌认知、媒体可见度、消费端辨识度、产业链地位、市场规模和技术/供应链影响力。
和硕,4938,电子代工,电子制造服务企业，提供电脑、通讯与消费电子产品制造。,logo-050.png,图中公司,6.2,7.9,39,15,主观综合排序：依据海外品牌认知、媒体可见度、消费端辨识度、产业链地位、市场规模和技术/供应链影响力。
群联电子,8299,储存控制IC,NAND Flash控制芯片与储存解决方案供应商。,,新增台湾企业,6.1,7.0,40,40,主观综合排序：依据海外品牌认知、媒体可见度、消费端辨识度、产业链地位、市场规模和技术/供应链影响力。
中华电信,2412,电信服务,台湾主要电信服务商，提供固定、行动、宽频与企业资通讯服务。,logo-091.png,图中公司,6.0,5.9,41,87,主观综合排序：依据海外品牌认知、媒体可见度、消费端辨识度、产业链地位、市场规模和技术/供应链影响力。
大立光,3008,光学镜头,精密光学镜头供应商，应用于手机与电子装置。,logo-012.png,图中公司,6.0,7.2,42,34,主观综合排序：依据海外品牌认知、媒体可见度、消费端辨识度、产业链地位、市场规模和技术/供应链影响力。
大同,2371,电机/家电,电机、能源、家电与系统工程企业。,,新增台湾企业,6.0,4.8,43,134,主观综合排序：依据海外品牌认知、媒体可见度、消费端辨识度、产业链地位、市场规模和技术/供应链影响力。
纬颖,6669,服务器/云端硬体,云端资料中心服务器、储存与机柜级解决方案供应商。,logo-008.png,图中公司,5.9,8.1,44,13,主观综合排序：依据海外品牌认知、媒体可见度、消费端辨识度、产业链地位、市场规模和技术/供应链影响力。
台塑石化,6505,石化/炼油,炼油、烯烃与石化原料生产企业。,logo-016.png,图中公司,5.9,6.9,45,44,主观综合排序：依据海外品牌认知、媒体可见度、消费端辨识度、产业链地位、市场规模和技术/供应链影响力。
群创光电,3481,面板,TFT-LCD面板与显示器解决方案制造商。,logo-021.png,图中公司,5.9,6.6,46,71,主观综合排序：依据海外品牌认知、媒体可见度、消费端辨识度、产业链地位、市场规模和技术/供应链影响力。
世界先进,5347,半导体制造,晶圆代工企业，专注成熟制程与特殊制程。,logo-029.png,图中公司,5.9,8.2,47,11,主观综合排序：依据海外品牌认知、媒体可见度、消费端辨识度、产业链地位、市场规模和技术/供应链影响力。
联咏科技,3034,IC设计,显示驱动IC与影像相关芯片设计公司。,logo-035.png,图中公司,5.9,6.9,48,46,主观综合排序：依据海外品牌认知、媒体可见度、消费端辨识度、产业链地位、市场规模和技术/供应链影响力。
力积电,6770,半导体制造,晶圆代工与记忆体相关制造企业。,logo-036.png,图中公司,5.9,8.2,49,12,主观综合排序：依据海外品牌认知、媒体可见度、消费端辨识度、产业链地位、市场规模和技术/供应链影响力。
立荣航空,长荣航空子公司,航空运输,区域航线航空公司。,,新增台湾企业,5.9,5.8,50,99,主观综合排序：依据海外品牌认知、媒体可见度、消费端辨识度、产业链地位、市场规模和技术/供应链影响力。
华信航空,中华航空子公司,航空运输,区域航空公司，经营国内与区域航线。,,新增台湾企业,5.9,5.8,51,100,主观综合排序：依据海外品牌认知、媒体可见度、消费端辨识度、产业链地位、市场规模和技术/供应链影响力。
国巨,2327,被动元件,被动元件制造商，产品包括电阻、电容及无线元件。,,图中公司,5.8,7.3,52,31,主观综合排序：依据海外品牌认知、媒体可见度、消费端辨识度、产业链地位、市场规模和技术/供应链影响力。
南亚塑胶,1303,塑化材料,塑胶、化纤、电子材料与化工产品制造商。,logo-010.png,图中公司,5.8,6.5,53,77,主观综合排序：依据海外品牌认知、媒体可见度、消费端辨识度、产业链地位、市场规模和技术/供应链影响力。
创意电子,3443,IC设计服务,ASIC设计服务与IP整合公司。,logo-007.png,图中公司,5.8,7.7,54,21,主观综合排序：依据海外品牌认知、媒体可见度、消费端辨识度、产业链地位、市场规模和技术/供应链影响力。
世芯-KY,3661,IC设计服务,ASIC设计服务公司，服务高效能运算与客制化芯片需求。,logo-022.png,图中公司,5.8,7.7,55,23,主观综合排序：依据海外品牌认知、媒体可见度、消费端辨识度、产业链地位、市场规模和技术/供应链影响力。
万海航运,2615,航运,货柜航运公司，经营亚洲与国际航线。,logo-042.png,图中公司,5.8,6.8,56,51,主观综合排序：依据海外品牌认知、媒体可见度、消费端辨识度、产业链地位、市场规模和技术/供应链影响力。
奇景光电,HIMX,IC设计/显示芯片,显示驱动IC、影像处理与光学相关芯片设计公司。,,图中公司,5.8,6.6,57,72,主观综合排序：依据海外品牌认知、媒体可见度、消费端辨识度、产业链地位、市场规模和技术/供应链影响力。
新唐科技,4919,半导体,微控制器、语音IC与半导体解决方案供应商。,,新增台湾企业,5.8,8.1,58,14,主观综合排序：依据海外品牌认知、媒体可见度、消费端辨识度、产业链地位、市场规模和技术/供应链影响力。
建大工业,2106,轮胎,轮胎与橡胶产品制造商。,,新增台湾企业,5.8,6.0,59,85,主观综合排序：依据海外品牌认知、媒体可见度、消费端辨识度、产业链地位、市场规模和技术/供应链影响力。
南港轮胎,2101,轮胎,轮胎制造商。,,新增台湾企业,5.8,6.0,60,86,主观综合排序：依据海外品牌认知、媒体可见度、消费端辨识度、产业链地位、市场规模和技术/供应链影响力。
南亚科技,2408,DRAM记忆体,台湾DRAM记忆体制造公司。,logo-002.png,图中公司,5.7,6.9,61,43,主观综合排序：依据海外品牌认知、媒体可见度、消费端辨识度、产业链地位、市场规模和技术/供应链影响力。
中钢,2002,钢铁,台湾主要一贯作业钢铁厂，供应钢品与相关材料。,logo-001.png,图中公司,5.7,6.4,62,79,主观综合排序：依据海外品牌认知、媒体可见度、消费端辨识度、产业链地位、市场规模和技术/供应链影响力。
威强电,3022,工业电脑,工业电脑、嵌入式系统与网络通讯设备供应商。,,新增台湾企业,5.7,6.9,63,47,主观综合排序：依据海外品牌认知、媒体可见度、消费端辨识度、产业链地位、市场规模和技术/供应链影响力。
研扬科技,6579,工业电脑,工业电脑与嵌入式平台供应商。,,新增台湾企业,5.7,6.9,64,48,主观综合排序：依据海外品牌认知、媒体可见度、消费端辨识度、产业链地位、市场规模和技术/供应链影响力。
友通资讯,2397,工业电脑,嵌入式电脑与工业自动化平台供应商。,,新增台湾企业,5.7,6.9,65,49,主观综合排序：依据海外品牌认知、媒体可见度、消费端辨识度、产业链地位、市场规模和技术/供应链影响力。
立端科技,6245,工业电脑,工业电脑与嵌入式系统供应商。,,新增台湾企业,5.7,6.9,66,50,主观综合排序：依据海外品牌认知、媒体可见度、消费端辨识度、产业链地位、市场规模和技术/供应链影响力。
硅创电子,8016,IC设计,显示驱动IC与混合信号IC设计公司。,,新增台湾企业,5.7,7.6,67,26,主观综合排序：依据海外品牌认知、媒体可见度、消费端辨识度、产业链地位、市场规模和技术/供应链影响力。
敦泰电子,3545,IC设计,触控与显示驱动整合芯片设计公司。,,新增台湾企业,5.7,7.6,68,27,主观综合排序：依据海外品牌认知、媒体可见度、消费端辨识度、产业链地位、市场规模和技术/供应链影响力。
宝岛眼镜,未上市,眼镜零售,台湾知名眼镜零售连锁品牌，提供眼镜销售、验光与配镜服务。,logo-102.png,logo墙新增,5.7,4.0,69,208,主观综合排序：依据海外品牌认知、媒体可见度、消费端辨识度、产业链地位、市场规模和技术/供应链影响力。
震旦集团,2373,办公设备/服务,台湾办公设备、办公家具与商务服务集团。,logo-103.png,logo墙新增,5.7,4.2,70,174,主观综合排序：依据海外品牌认知、媒体可见度、消费端辨识度、产业链地位、市场规模和技术/供应链影响力。
富邦媒,8454,电商/零售,momo电商平台经营者。,logo-059.png,图中公司,5.6,5.0,71,127,主观综合排序：依据海外品牌认知、媒体可见度、消费端辨识度、产业链地位、市场规模和技术/供应链影响力。
智冠科技,5478,游戏通路/数位娱乐,游戏通路、点数与数位娱乐服务公司。,logo-074.png,图中公司,5.6,4.9,72,130,主观综合排序：依据海外品牌认知、媒体可见度、消费端辨识度、产业链地位、市场规模和技术/供应链影响力。
英业达,2356,电子代工/服务器,笔电、服务器与云端设备制造商。,,新增台湾企业,5.6,7.8,73,17,主观综合排序：依据海外品牌认知、媒体可见度、消费端辨识度、产业链地位、市场规模和技术/供应链影响力。
味全,1201,食品饮料,食品、乳品与饮料企业。,,新增台湾企业,5.6,4.8,74,137,主观综合排序：依据海外品牌认知、媒体可见度、消费端辨识度、产业链地位、市场规模和技术/供应链影响力。
泰山企业,1218,食品饮料,食用油、饮料与食品制造商。,,新增台湾企业,5.6,4.8,75,138,主观综合排序：依据海外品牌认知、媒体可见度、消费端辨识度、产业链地位、市场规模和技术/供应链影响力。
佳格食品,1227,食品饮料,营养食品、饮品与食用油品牌企业。,,新增台湾企业,5.6,4.8,76,139,主观综合排序：依据海外品牌认知、媒体可见度、消费端辨识度、产业链地位、市场规模和技术/供应链影响力。
爱之味,1217,食品饮料,食品罐头、饮料与保健产品制造商。,,新增台湾企业,5.6,4.8,77,140,主观综合排序：依据海外品牌认知、媒体可见度、消费端辨识度、产业链地位、市场规模和技术/供应链影响力。
群光电子,2385,电脑周边/电源,键盘、摄像头、电源供应器与电子零组件制造商。,logo-066.png,图中公司,5.5,6.1,78,83,主观综合排序：依据海外品牌认知、媒体可见度、消费端辨识度、产业链地位、市场规模和技术/供应链影响力。
Gorilla Technology,GRRR,AI/资安/影像分析,AI影像分析、资安与智慧城市技术公司。,logo-092.png,图中公司,5.5,5.1,79,124,主观综合排序：依据海外品牌认知、媒体可见度、消费端辨识度、产业链地位、市场规模和技术/供应链影响力。
徐福记,未上市,食品,糖果、糕点与休闲食品品牌。,logo-095.png,图中公司,5.4,4.6,80,151,主观综合排序：依据海外品牌认知、媒体可见度、消费端辨识度、产业链地位、市场规模和技术/供应链影响力。
仁宝电脑,2324,电子代工,笔电、智慧装置与电子产品代工制造商。,,新增台湾企业,5.4,7.3,81,33,主观综合排序：依据海外品牌认知、媒体可见度、消费端辨识度、产业链地位、市场规模和技术/供应链影响力。
智邦科技,2345,网络通信设备,网络交换器、资料中心与企业网络设备制造商。,logo-094.png,图中公司,5.3,7.3,82,30,主观综合排序：依据海外品牌认知、媒体可见度、消费端辨识度、产业链地位、市场规模和技术/供应链影响力。
八方云集,2753,餐饮,连锁餐饮品牌，主营锅贴、水饺等餐饮服务。,logo-083.png,图中公司,5.3,4.3,83,169,主观综合排序：依据海外品牌认知、媒体可见度、消费端辨识度、产业链地位、市场规模和技术/供应链影响力。
友嘉国际,未上市,工具机/机械制造,友嘉集团旗下工具机与工业设备相关品牌，业务覆盖机械制造与自动化设备。,logo-100.png,logo墙新增,5.3,5.3,84,107,主观综合排序：依据海外品牌认知、媒体可见度、消费端辨识度、产业链地位、市场规模和技术/供应链影响力。
台湾高铁,2633,铁路运输,经营台湾高速铁路运输服务。,logo-055.png,图中公司,5.2,5.1,85,123,主观综合排序：依据海外品牌认知、媒体可见度、消费端辨识度、产业链地位、市场规模和技术/供应链影响力。
远东新世纪,1402,纺织/化工,聚酯、纺织、化工材料与投资事业集团。,logo-056.png,图中公司,5.2,5.2,86,109,主观综合排序：依据海外品牌认知、媒体可见度、消费端辨识度、产业链地位、市场规模和技术/供应链影响力。
南茂科技,8150,半导体封测,记忆体与显示驱动IC封测服务供应商。,logo-062.png,图中公司,5.2,7.9,87,16,主观综合排序：依据海外品牌认知、媒体可见度、消费端辨识度、产业链地位、市场规模和技术/供应链影响力。
友劲科技,6142,网络通信,网络通讯设备与电子产品制造公司。,,新增台湾企业,5.2,7.2,88,35,主观综合排序：依据海外品牌认知、媒体可见度、消费端辨识度、产业链地位、市场规模和技术/供应链影响力。
南侨投控,1702,食品/油脂,食品、油脂与餐饮相关事业集团。,,新增台湾企业,5.2,4.4,89,160,主观综合排序：依据海外品牌认知、媒体可见度、消费端辨识度、产业链地位、市场规模和技术/供应链影响力。
大成食品,1210,食品/饲料,食品、饲料与畜产相关企业。,,新增台湾企业,5.2,4.4,90,161,主观综合排序：依据海外品牌认知、媒体可见度、消费端辨识度、产业链地位、市场规模和技术/供应链影响力。
卜蜂企业,1215,食品/饲料,饲料、畜产与食品加工企业。,,新增台湾企业,5.2,4.4,91,162,主观综合排序：依据海外品牌认知、媒体可见度、消费端辨识度、产业链地位、市场规模和技术/供应链影响力。
联华食品,1231,食品,休闲食品与鲜食产品制造商。,,新增台湾企业,5.2,4.4,92,163,主观综合排序：依据海外品牌认知、媒体可见度、消费端辨识度、产业链地位、市场规模和技术/供应链影响力。
新光三越,未上市,百货零售,台湾大型百货零售集团。,,新增台湾企业,5.2,4.3,93,171,主观综合排序：依据海外品牌认知、媒体可见度、消费端辨识度、产业链地位、市场规模和技术/供应链影响力。
PChome网路家庭,8044,电商,电商平台与网络服务公司。,,新增台湾企业,5.2,4.5,94,159,主观综合排序：依据海外品牌认知、媒体可见度、消费端辨识度、产业链地位、市场规模和技术/供应链影响力。
妙洁,未上市,家居清洁用品,家居清洁与日用品品牌，产品覆盖厨房、清洁与家庭生活用品。,logo-106.png,logo墙新增,5.2,3.8,95,210,主观综合排序：依据海外品牌认知、媒体可见度、消费端辨识度、产业链地位、市场规模和技术/供应链影响力。
欣兴电子,3037,PCB/载板,IC载板与印刷电路板制造商。,logo-087.png,图中公司,5.1,7.1,96,37,主观综合排序：依据海外品牌认知、媒体可见度、消费端辨识度、产业链地位、市场规模和技术/供应链影响力。
南亚电路板,8046,PCB/载板,IC载板与印刷电路板制造商。,logo-003.png,图中公司,5.1,7.1,97,38,主观综合排序：依据海外品牌认知、媒体可见度、消费端辨识度、产业链地位、市场规模和技术/供应链影响力。
环球晶圆,6488,半导体材料,半导体硅晶圆供应商。,logo-027.png,图中公司,5.1,6.7,98,61,主观综合排序：依据海外品牌认知、媒体可见度、消费端辨识度、产业链地位、市场规模和技术/供应链影响力。
力旺电子,3529,半导体IP,嵌入式非挥发性记忆体IP供应商。,logo-040.png,图中公司,5.1,6.7,99,62,主观综合排序：依据海外品牌认知、媒体可见度、消费端辨识度、产业链地位、市场规模和技术/供应链影响力。
稳懋半导体,3105,化合物半导体,砷化镓与化合物半导体晶圆代工企业。,logo-041.png,图中公司,5.1,6.7,100,63,主观综合排序：依据海外品牌认知、媒体可见度、消费端辨识度、产业链地位、市场规模和技术/供应链影响力。
采钰科技,6789,影像感测/半导体,影像感测晶圆级封装与光学相关技术企业。,logo-052.png,图中公司,5.1,6.7,101,65,主观综合排序：依据海外品牌认知、媒体可见度、消费端辨识度、产业链地位、市场规模和技术/供应链影响力。
中美晶,5483,半导体材料/太阳能,硅晶圆与半导体材料相关企业。,logo-060.png,图中公司,5.1,6.7,102,66,主观综合排序：依据海外品牌认知、媒体可见度、消费端辨识度、产业链地位、市场规模和技术/供应链影响力。
台胜科,3532,半导体材料,硅晶圆材料制造商。,logo-086.png,图中公司,5.1,6.7,103,67,主观综合排序：依据海外品牌认知、媒体可见度、消费端辨识度、产业链地位、市场规模和技术/供应链影响力。
永擎电子,7711,服务器/硬体,服务器与云端应用硬体解决方案供应商。,logo-075.png,图中公司,5.1,5.9,104,88,主观综合排序：依据海外品牌认知、媒体可见度、消费端辨识度、产业链地位、市场规模和技术/供应链影响力。
力成科技,6239,半导体封测,记忆体与逻辑IC封装测试服务供应商。,,新增台湾企业,5.1,7.8,105,18,主观综合排序：依据海外品牌认知、媒体可见度、消费端辨识度、产业链地位、市场规模和技术/供应链影响力。
矽格,6257,半导体封测,IC测试与封装服务公司。,,新增台湾企业,5.1,7.8,106,19,主观综合排序：依据海外品牌认知、媒体可见度、消费端辨识度、产业链地位、市场规模和技术/供应链影响力。
颀邦,6147,半导体封测,显示驱动IC封装测试与金凸块服务公司。,,新增台湾企业,5.1,7.8,107,20,主观综合排序：依据海外品牌认知、媒体可见度、消费端辨识度、产业链地位、市场规模和技术/供应链影响力。
远传电信,4904,电信服务,行动通信、宽频、企业资通讯与数位服务提供商。,logo-056.png,图中公司,5.0,5.5,108,102,主观综合排序：依据海外品牌认知、媒体可见度、消费端辨识度、产业链地位、市场规模和技术/供应链影响力。
台湾大哥大,3045,电信服务,行动通信、宽频与数位服务供应商。,logo-023.png,图中公司,5.0,5.5,109,103,主观综合排序：依据海外品牌认知、媒体可见度、消费端辨识度、产业链地位、市场规模和技术/供应链影响力。
游戏橘子,6180,游戏营运,线上游戏与数位娱乐服务公司。,logo-072.png,图中公司,5.0,4.6,110,147,主观综合排序：依据海外品牌认知、媒体可见度、消费端辨识度、产业链地位、市场规模和技术/供应链影响力。
佳世达,2352,电子/医疗科技,显示器、投影、医疗与智能解决方案企业。,,新增台湾企业,5.0,5.8,111,91,主观综合排序：依据海外品牌认知、媒体可见度、消费端辨识度、产业链地位、市场规模和技术/供应链影响力。
蓝天电脑,2362,电脑/通路,电脑产品制造与通路相关企业。,,新增台湾企业,5.0,5.8,112,92,主观综合排序：依据海外品牌认知、媒体可见度、消费端辨识度、产业链地位、市场规模和技术/供应链影响力。
神达投资控股,3706,电脑/车用电子,车用电子、工业电脑与投资控股集团。,,新增台湾企业,5.0,5.8,113,93,主观综合排序：依据海外品牌认知、媒体可见度、消费端辨识度、产业链地位、市场规模和技术/供应链影响力。
神基控股,3005,强固型电脑,强固型电脑、车用电子与通讯设备制造商。,,新增台湾企业,5.0,5.8,114,94,主观综合排序：依据海外品牌认知、媒体可见度、消费端辨识度、产业链地位、市场规模和技术/供应链影响力。
浩鑫,2405,迷你电脑,迷你电脑、主机板与系统产品制造商。,,新增台湾企业,5.0,5.8,115,95,主观综合排序：依据海外品牌认知、媒体可见度、消费端辨识度、产业链地位、市场规模和技术/供应链影响力。
建碁,3046,电脑系统,电脑系统、显示与相关电子产品公司。,,新增台湾企业,5.0,5.8,116,96,主观综合排序：依据海外品牌认知、媒体可见度、消费端辨识度、产业链地位、市场规模和技术/供应链影响力。
京元电子,2449,半导体测试,IC测试与半导体后段服务企业。,,新增台湾企业,5.0,6.6,117,74,主观综合排序：依据海外品牌认知、媒体可见度、消费端辨识度、产业链地位、市场规模和技术/供应链影响力。
欣铨,3264,半导体测试,晶圆测试与IC测试服务公司。,,新增台湾企业,5.0,6.6,118,75,主观综合排序：依据海外品牌认知、媒体可见度、消费端辨识度、产业链地位、市场规模和技术/供应链影响力。
精材,3374,晶圆级封装,晶圆级封装与影像感测相关服务公司。,,新增台湾企业,5.0,6.6,119,76,主观综合排序：依据海外品牌认知、媒体可见度、消费端辨识度、产业链地位、市场规模和技术/供应链影响力。
广明光电,6188,光储存/电子制造,光电与电子制造相关企业。,,新增台湾企业,5.0,5.8,120,98,主观综合排序：依据海外品牌认知、媒体可见度、消费端辨识度、产业链地位、市场规模和技术/供应链影响力。
黑松,1234,饮料,饮料品牌与制造商。,,新增台湾企业,5.0,4.2,121,172,主观综合排序：依据海外品牌认知、媒体可见度、消费端辨识度、产业链地位、市场规模和技术/供应链影响力。
诚品生活,2926,文创零售,书店、百货与文创生活通路企业。,,新增台湾企业,5.0,3.8,122,209,主观综合排序：依据海外品牌认知、媒体可见度、消费端辨识度、产业链地位、市场规模和技术/供应链影响力。
台化,1326,石化/纺织,石化、塑胶、纤维与纺织相关产品制造商。,logo-039.png,图中公司,4.9,5.3,123,105,主观综合排序：依据海外品牌认知、媒体可见度、消费端辨识度、产业链地位、市场规模和技术/供应链影响力。
和泰汽车,2207,汽车销售,台湾主要汽车代理与销售服务集团。,logo-032.png,图中公司,4.9,4.5,124,154,主观综合排序：依据海外品牌认知、媒体可见度、消费端辨识度、产业链地位、市场规模和技术/供应链影响力。
鈊象电子,3293,游戏软件,游戏研发与营运公司，产品涵盖商用游戏与线上游戏。,logo-044.png,图中公司,4.9,4.6,125,145,主观综合排序：依据海外品牌认知、媒体可见度、消费端辨识度、产业链地位、市场规模和技术/供应链影响力。
福懋兴业,1434,纺织,纺织、染整与布料制造企业。,logo-073.png,图中公司,4.9,5.3,126,106,主观综合排序：依据海外品牌认知、媒体可见度、消费端辨识度、产业链地位、市场规模和技术/供应链影响力。
华义国际,3086,游戏软件,线上游戏与数位娱乐公司。,logo-078.png,图中公司,4.9,4.6,127,146,主观综合排序：依据海外品牌认知、媒体可见度、消费端辨识度、产业链地位、市场规模和技术/供应链影响力。
传奇网络,4994,游戏研发,线上游戏研发公司。,logo-076.png,图中公司,4.9,4.6,128,148,主观综合排序：依据海外品牌认知、媒体可见度、消费端辨识度、产业链地位、市场规模和技术/供应链影响力。
宇峻奥汀,3546,游戏研发,电脑与手机游戏研发公司。,logo-080.png,图中公司,4.9,4.6,129,149,主观综合排序：依据海外品牌认知、媒体可见度、消费端辨识度、产业链地位、市场规模和技术/供应链影响力。
大宇资讯,6111,游戏研发,游戏开发与发行公司。,logo-079.png,图中公司,4.9,4.6,130,150,主观综合排序：依据海外品牌认知、媒体可见度、消费端辨识度、产业链地位、市场规模和技术/供应链影响力。
景硕科技,3189,IC载板,IC载板与印刷电路板制造商。,,新增台湾企业,4.9,7.0,131,41,主观综合排序：依据海外品牌认知、媒体可见度、消费端辨识度、产业链地位、市场规模和技术/供应链影响力。
裕隆汽车,2201,汽车制造,汽车制造与品牌经营企业。,,新增台湾企业,4.9,4.8,132,135,主观综合排序：依据海外品牌认知、媒体可见度、消费端辨识度、产业链地位、市场规模和技术/供应链影响力。
中华汽车,2204,汽车制造,汽车制造、销售与相关服务公司。,,新增台湾企业,4.9,4.8,133,136,主观综合排序：依据海外品牌认知、媒体可见度、消费端辨识度、产业链地位、市场规模和技术/供应链影响力。
宝雅国际,5904,零售通路,生活百货与美妆零售连锁。,,新增台湾企业,4.9,4.3,134,170,主观综合排序：依据海外品牌认知、媒体可见度、消费端辨识度、产业链地位、市场规模和技术/供应链影响力。
金像电,2368,PCB,印刷电路板制造商。,,新增台湾企业,4.8,6.8,135,52,主观综合排序：依据海外品牌认知、媒体可见度、消费端辨识度、产业链地位、市场规模和技术/供应链影响力。
耀华电子,2367,PCB,印刷电路板制造商。,,新增台湾企业,4.8,6.8,136,53,主观综合排序：依据海外品牌认知、媒体可见度、消费端辨识度、产业链地位、市场规模和技术/供应链影响力。
嘉联益,6153,软板PCB,软性印刷电路板制造商。,,新增台湾企业,4.8,6.8,137,54,主观综合排序：依据海外品牌认知、媒体可见度、消费端辨识度、产业链地位、市场规模和技术/供应链影响力。
臻鼎-KY,4958,PCB,全球大型PCB制造集团。,,新增台湾企业,4.8,6.8,138,55,主观综合排序：依据海外品牌认知、媒体可见度、消费端辨识度、产业链地位、市场规模和技术/供应链影响力。
华通电脑,2313,PCB,印刷电路板与HDI板制造商。,,新增台湾企业,4.8,6.8,139,56,主观综合排序：依据海外品牌认知、媒体可见度、消费端辨识度、产业链地位、市场规模和技术/供应链影响力。
健鼎科技,3044,PCB,印刷电路板制造商。,,新增台湾企业,4.8,6.8,140,57,主观综合排序：依据海外品牌认知、媒体可见度、消费端辨识度、产业链地位、市场规模和技术/供应链影响力。
竞国实业,6108,PCB,印刷电路板制造企业。,,新增台湾企业,4.8,6.8,141,58,主观综合排序：依据海外品牌认知、媒体可见度、消费端辨识度、产业链地位、市场规模和技术/供应链影响力。
志超科技,8213,PCB,印刷电路板制造商。,,新增台湾企业,4.8,6.8,142,59,主观综合排序：依据海外品牌认知、媒体可见度、消费端辨识度、产业链地位、市场规模和技术/供应链影响力。
台郡科技,6269,软板PCB,软性印刷电路板制造商。,,新增台湾企业,4.8,6.8,143,60,主观综合排序：依据海外品牌认知、媒体可见度、消费端辨识度、产业链地位、市场规模和技术/供应链影响力。
富邦金控,2881,金融控股,台湾大型金融控股公司，业务包含银行、保险与证券。,logo-084.png,图中公司,4.7,5.1,144,110,主观综合排序：依据海外品牌认知、媒体可见度、消费端辨识度、产业链地位、市场规模和技术/供应链影响力。
国泰金控,2882,金融控股,台湾大型金融控股公司，旗下包含寿险、银行、证券等业务。,logo-081.png,图中公司,4.7,5.1,145,111,主观综合排序：依据海外品牌认知、媒体可见度、消费端辨识度、产业链地位、市场规模和技术/供应链影响力。
中信金控,2891,金融控股,台湾金融控股公司，核心业务为银行、证券、保险等。,logo-089.png,图中公司,4.7,5.1,146,112,主观综合排序：依据海外品牌认知、媒体可见度、消费端辨识度、产业链地位、市场规模和技术/供应链影响力。
元大金控,2885,金融控股,金融控股集团，业务包含证券、银行、投信与期货。,logo-006.png,图中公司,4.7,5.1,147,113,主观综合排序：依据海外品牌认知、媒体可见度、消费端辨识度、产业链地位、市场规模和技术/供应链影响力。
兆丰金控,2886,金融控股,台湾金融控股公司，业务涵盖银行、证券、票券与保险。,logo-004.png,图中公司,4.7,5.1,148,114,主观综合排序：依据海外品牌认知、媒体可见度、消费端辨识度、产业链地位、市场规模和技术/供应链影响力。
台新金控,2887,金融控股,金融控股公司，业务涵盖银行、证券与保险代理等。,logo-005.png,图中公司,4.7,5.1,149,115,主观综合排序：依据海外品牌认知、媒体可见度、消费端辨识度、产业链地位、市场规模和技术/供应链影响力。
玉山金控,2884,金融控股,以银行为核心的金融控股公司。,logo-009.png,图中公司,4.7,5.1,150,116,主观综合排序：依据海外品牌认知、媒体可见度、消费端辨识度、产业链地位、市场规模和技术/供应链影响力。
华南金控,2880,金融控股,台湾金融控股公司，主要业务包含银行与证券。,logo-018.png,图中公司,4.7,5.1,151,117,主观综合排序：依据海外品牌认知、媒体可见度、消费端辨识度、产业链地位、市场规模和技术/供应链影响力。
永丰金控,2890,金融控股,金融控股集团，业务包含银行、证券与租赁等。,logo-015.png,图中公司,4.7,5.1,152,118,主观综合排序：依据海外品牌认知、媒体可见度、消费端辨识度、产业链地位、市场规模和技术/供应链影响力。
第一金控,2892,金融控股,台湾金融控股公司，核心为第一银行。,logo-011.png,图中公司,4.7,5.1,153,119,主观综合排序：依据海外品牌认知、媒体可见度、消费端辨识度、产业链地位、市场规模和技术/供应链影响力。
凯基金控,2883,金融控股,金融控股集团，业务覆盖证券、银行、保险与资产管理。,logo-028.png,图中公司,4.7,5.1,154,120,主观综合排序：依据海外品牌认知、媒体可见度、消费端辨识度、产业链地位、市场规模和技术/供应链影响力。
合作金库金控,5880,金融控股,台湾金融控股公司，核心为合作金库银行。,logo-026.png,图中公司,4.7,5.1,155,121,主观综合排序：依据海外品牌认知、媒体可见度、消费端辨识度、产业链地位、市场规模和技术/供应链影响力。
药华医药,6446,生技医药,生技药品研发与商业化公司。,logo-025.png,图中公司,4.7,4.8,156,132,主观综合排序：依据海外品牌认知、媒体可见度、消费端辨识度、产业链地位、市场规模和技术/供应链影响力。
新光金控,2888,金融控股,金融控股公司，业务包含寿险与银行。,logo-046.png,图中公司,4.7,5.1,157,122,主观综合排序：依据海外品牌认知、媒体可见度、消费端辨识度、产业链地位、市场规模和技术/供应链影响力。
台湾水泥,1101,水泥/建材,水泥、建材、能源与环保相关事业集团。,logo-043.png,图中公司,4.7,4.9,158,128,主观综合排序：依据海外品牌认知、媒体可见度、消费端辨识度、产业链地位、市场规模和技术/供应链影响力。
康霈生技,6919,生技医药,生技医药公司，聚焦新药研发。,logo-053.png,图中公司,4.7,4.8,159,133,主观综合排序：依据海外品牌认知、媒体可见度、消费端辨识度、产业链地位、市场规模和技术/供应链影响力。
亚洲水泥,1102,水泥/建材,水泥与建材制造企业。,logo-058.png,图中公司,4.7,4.9,160,129,主观综合排序：依据海外品牌认知、媒体可见度、消费端辨识度、产业链地位、市场规模和技术/供应链影响力。
远东百货,2903,百货零售,百货商场与零售通路企业。,,新增台湾企业,4.7,4.2,161,173,主观综合排序：依据海外品牌认知、媒体可见度、消费端辨识度、产业链地位、市场规模和技术/供应链影响力。
杏国新药,4192,生技医药,新药研发公司，聚焦肿瘤与特殊疾病治疗领域。,,新增台湾企业,4.6,4.7,162,142,主观综合排序：依据海外品牌认知、媒体可见度、消费端辨识度、产业链地位、市场规模和技术/供应链影响力。
台康生技,6589,生技医药,生物相似药与抗体药物研发制造公司。,,新增台湾企业,4.6,4.7,163,143,主观综合排序：依据海外品牌认知、媒体可见度、消费端辨识度、产业链地位、市场规模和技术/供应链影响力。
顺药,6535,生技医药,新药研发公司，专注中枢神经与急重症治疗领域。,,新增台湾企业,4.6,4.7,164,144,主观综合排序：依据海外品牌认知、媒体可见度、消费端辨识度、产业链地位、市场规模和技术/供应链影响力。
保瑞药业,6472,制药,药品制造、研发与CDMO服务企业。,logo-063.png,图中公司,4.5,4.5,165,158,主观综合排序：依据海外品牌认知、媒体可见度、消费端辨识度、产业链地位、市场规模和技术/供应链影响力。
台湾金控,未上市,金融控股,台湾金融控股集团，旗下含台湾银行等事业。,,新增台湾企业,4.5,4.9,166,131,主观综合排序：依据海外品牌认知、媒体可见度、消费端辨识度、产业链地位、市场规模和技术/供应链影响力。
松瑞药,4167,制药,药品研发、制造与销售公司。,,新增台湾企业,4.4,4.4,167,168,主观综合排序：依据海外品牌认知、媒体可见度、消费端辨识度、产业链地位、市场规模和技术/供应链影响力。
致茂电子,2360,测试量测设备,测试量测、自自动化检测与电源电子相关设备供应商。,,图中公司,4.3,4.1,168,175,主观综合排序：依据海外品牌认知、媒体可见度、消费端辨识度、产业链地位、市场规模和技术/供应链影响力。
光宝科技,2301,光电/电源,电源供应、光电、车用电子与云端应用产品制造商。,logo-014.png,图中公司,4.3,4.1,169,176,主观综合排序：依据海外品牌认知、媒体可见度、消费端辨识度、产业链地位、市场规模和技术/供应链影响力。
亚德客,1590,气动元件,气动元件与自动化零组件制造商。,logo-037.png,图中公司,4.3,4.1,170,177,主观综合排序：依据海外品牌认知、媒体可见度、消费端辨识度、产业链地位、市场规模和技术/供应链影响力。
中租,5871,租赁金融,租赁、分期、企业金融与国际金融服务集团。,logo-045.png,图中公司,4.3,4.7,171,141,主观综合排序：依据海外品牌认知、媒体可见度、消费端辨识度、产业链地位、市场规模和技术/供应链影响力。
联强国际,2347,资讯通路,资讯、通讯与电子产品通路服务商。,logo-051.png,图中公司,4.3,4.1,172,178,主观综合排序：依据海外品牌认知、媒体可见度、消费端辨识度、产业链地位、市场规模和技术/供应链影响力。
牧德科技,3563,AOI检测设备,自动光学检测设备制造商。,logo-065.png,图中公司,4.3,4.1,173,179,主观综合排序：依据海外品牌认知、媒体可见度、消费端辨识度、产业链地位、市场规模和技术/供应链影响力。
国泰建设,2501,营建,住宅、商业不动产与开发建设公司。,logo-069.png,图中公司,4.3,4.1,174,180,主观综合排序：依据海外品牌认知、媒体可见度、消费端辨识度、产业链地位、市场规模和技术/供应链影响力。
OBOOK 控股,6906,控股/数位服务,控股型企业，聚焦数位服务与相关投资。,,图中公司,4.3,4.1,175,181,主观综合排序：依据海外品牌认知、媒体可见度、消费端辨识度、产业链地位、市场规模和技术/供应链影响力。
亚洲航空,2630,航空维修/服务,航空维修与相关服务公司。,logo-082.png,图中公司,4.3,4.1,176,182,主观综合排序：依据海外品牌认知、媒体可见度、消费端辨识度、产业链地位、市场规模和技术/供应链影响力。
彰化银行,2801,银行,台湾商业银行，提供存放款、外汇与金融服务。,logo-034.png,图中公司,4.2,4.5,177,155,主观综合排序：依据海外品牌认知、媒体可见度、消费端辨识度、产业链地位、市场规模和技术/供应链影响力。
上海商银,5876,银行,商业银行，提供个人与企业金融服务。,logo-048.png,图中公司,4.2,4.5,178,156,主观综合排序：依据海外品牌认知、媒体可见度、消费端辨识度、产业链地位、市场规模和技术/供应链影响力。
台湾企银,2834,银行,台湾中小企业银行，服务中小企业与个人金融。,logo-054.png,图中公司,4.2,4.5,179,157,主观综合排序：依据海外品牌认知、媒体可见度、消费端辨识度、产业链地位、市场规模和技术/供应链影响力。
研勤科技,3632,导航/车载系统,车载导航与智能交通相关设备企业。,,新增台湾企业,4.2,4.0,180,183,主观综合排序：依据海外品牌认知、媒体可见度、消费端辨识度、产业链地位、市场规模和技术/供应链影响力。
振桦电,8114,POS系统,POS终端、工业电脑与零售解决方案供应商。,,新增台湾企业,4.2,4.0,181,184,主观综合排序：依据海外品牌认知、媒体可见度、消费端辨识度、产业链地位、市场规模和技术/供应链影响力。
飞捷科技,6206,POS系统,POS终端、工业电脑与零售设备制造商。,,新增台湾企业,4.2,4.0,182,185,主观综合排序：依据海外品牌认知、媒体可见度、消费端辨识度、产业链地位、市场规模和技术/供应链影响力。
旺宏电子,2337,记忆体,非挥发性记忆体与NOR Flash制造商。,,新增台湾企业,4.2,4.0,183,186,主观综合排序：依据海外品牌认知、媒体可见度、消费端辨识度、产业链地位、市场规模和技术/供应链影响力。
华邦电子,2344,记忆体,DRAM与Flash记忆体设计制造公司。,,新增台湾企业,4.2,4.0,184,187,主观综合排序：依据海外品牌认知、媒体可见度、消费端辨识度、产业链地位、市场规模和技术/供应链影响力。
宜鼎国际,5289,工业储存,工业级记忆体与嵌入式储存解决方案供应商。,,新增台湾企业,4.2,4.0,185,188,主观综合排序：依据海外品牌认知、媒体可见度、消费端辨识度、产业链地位、市场规模和技术/供应链影响力。
东元电机,1504,电机,马达、机电系统与能源解决方案供应商。,,新增台湾企业,4.2,4.0,186,189,主观综合排序：依据海外品牌认知、媒体可见度、消费端辨识度、产业链地位、市场规模和技术/供应链影响力。
华城电机,1519,重电设备,变压器、重电设备与电力工程企业。,,新增台湾企业,4.2,4.0,187,190,主观综合排序：依据海外品牌认知、媒体可见度、消费端辨识度、产业链地位、市场规模和技术/供应链影响力。
亚力电机,1514,电机设备,电力设备、自动化与工程服务公司。,,新增台湾企业,4.2,4.0,188,191,主观综合排序：依据海外品牌认知、媒体可见度、消费端辨识度、产业链地位、市场规模和技术/供应链影响力。
士林电机,1503,电机设备,电机、重电与车用电装品制造商。,,新增台湾企业,4.2,4.0,189,192,主观综合排序：依据海外品牌认知、媒体可见度、消费端辨识度、产业链地位、市场规模和技术/供应链影响力。
中兴电工,1513,电机工程,电力设备、工程服务与能源相关企业。,,新增台湾企业,4.2,4.0,190,193,主观综合排序：依据海外品牌认知、媒体可见度、消费端辨识度、产业链地位、市场规模和技术/供应链影响力。
和大工业,1536,汽车零组件,汽车传动系统与精密零组件制造商。,,新增台湾企业,4.2,4.0,191,194,主观综合排序：依据海外品牌认知、媒体可见度、消费端辨识度、产业链地位、市场规模和技术/供应链影响力。
东阳实业,1319,汽车零组件,汽车塑胶件、钣金件与售后维修件供应商。,,新增台湾企业,4.2,4.0,192,195,主观综合排序：依据海外品牌认知、媒体可见度、消费端辨识度、产业链地位、市场规模和技术/供应链影响力。
堤维西,1522,汽车零组件,车灯与汽车零组件制造商。,,新增台湾企业,4.2,4.0,193,196,主观综合排序：依据海外品牌认知、媒体可见度、消费端辨识度、产业链地位、市场规模和技术/供应链影响力。
胡连精密,6279,汽车连接器,车用端子与连接器制造商。,,新增台湾企业,4.2,4.0,194,197,主观综合排序：依据海外品牌认知、媒体可见度、消费端辨识度、产业链地位、市场规模和技术/供应链影响力。
江申工业,1525,汽车零组件,汽车零组件与车体结构件制造商。,,新增台湾企业,4.2,4.0,195,198,主观综合排序：依据海外品牌认知、媒体可见度、消费端辨识度、产业链地位、市场规模和技术/供应链影响力。
丽清科技,3346,车用照明,LED车灯模组与车用照明产品制造商。,,新增台湾企业,4.2,4.0,196,199,主观综合排序：依据海外品牌认知、媒体可见度、消费端辨识度、产业链地位、市场规模和技术/供应链影响力。
台湾玻璃,1802,玻璃,玻璃与建材产品制造商。,,新增台湾企业,4.2,4.0,197,200,主观综合排序：依据海外品牌认知、媒体可见度、消费端辨识度、产业链地位、市场规模和技术/供应链影响力。
和泰兴业,6592,空调/家电代理,空调与家电代理销售及服务公司。,,新增台湾企业,4.2,4.0,198,201,主观综合排序：依据海外品牌认知、媒体可见度、消费端辨识度、产业链地位、市场规模和技术/供应链影响力。
乔山健康科技,1736,健身器材,健身器材与健康科技产品制造商。,,新增台湾企业,4.2,4.0,199,202,主观综合排序：依据海外品牌认知、媒体可见度、消费端辨识度、产业链地位、市场规模和技术/供应链影响力。
大统益,1232,油脂,食用油脂与相关产品制造商。,,新增台湾企业,4.2,4.0,200,203,主观综合排序：依据海外品牌认知、媒体可见度、消费端辨识度、产业链地位、市场规模和技术/供应链影响力。
三商寿,2867,保险,人寿保险公司。,,新增台湾企业,4.2,4.6,201,152,主观综合排序：依据海外品牌认知、媒体可见度、消费端辨识度、产业链地位、市场规模和技术/供应链影响力。
台湾人寿,中信金控子公司,保险,人寿保险公司，现属中信金控体系。,,新增台湾企业,4.2,4.6,202,153,主观综合排序：依据海外品牌认知、媒体可见度、消费端辨识度、产业链地位、市场规模和技术/供应链影响力。
台骅投控,2636,物流运输,国际物流、货运承揽与供应链服务公司。,,新增台湾企业,4.2,4.0,203,204,主观综合排序：依据海外品牌认知、媒体可见度、消费端辨识度、产业链地位、市场规模和技术/供应链影响力。
大江生医,8436,生技保健,保健食品、机能性食品与生技产品研发制造公司。,,新增台湾企业,4.2,4.0,204,205,主观综合排序：依据海外品牌认知、媒体可见度、消费端辨识度、产业链地位、市场规模和技术/供应链影响力。
葡萄王,1707,生技保健,保健食品、饮品与生技发酵产品制造商。,,新增台湾企业,4.2,4.0,205,206,主观综合排序：依据海外品牌认知、媒体可见度、消费端辨识度、产业链地位、市场规模和技术/供应链影响力。
中化生,1762,原料药,原料药与医药中间体生产企业。,,新增台湾企业,4.2,4.0,206,207,主观综合排序：依据海外品牌认知、媒体可见度、消费端辨识度、产业链地位、市场规模和技术/供应链影响力。
京城银行,2809,银行,商业银行，提供个人与企业金融服务。,,新增台湾企业,4.1,4.4,207,164,主观综合排序：依据海外品牌认知、媒体可见度、消费端辨识度、产业链地位、市场规模和技术/供应链影响力。
高雄银行,2836,银行,商业银行，提供存放款与金融服务。,,新增台湾企业,4.1,4.4,208,165,主观综合排序：依据海外品牌认知、媒体可见度、消费端辨识度、产业链地位、市场规模和技术/供应链影响力。
王道银行,2897,银行,商业银行，提供数位金融与企业金融服务。,,新增台湾企业,4.1,4.4,209,166,主观综合排序：依据海外品牌认知、媒体可见度、消费端辨识度、产业链地位、市场规模和技术/供应链影响力。
台中商业银行,2812,银行,台湾商业银行，服务个人与企业客户。,,新增台湾企业,4.1,4.4,210,167,主观综合排序：依据海外品牌认知、媒体可见度、消费端辨识度、产业链地位、市场规模和技术/供应链影响力。
